Year_name;Dummy_h2_supply
2025;1.435492801771819e-07
2040;2.481735159817399e-07
