Year_name,Onshore_ELZ
2025,0.7543240939827376
2040,0.12466087974110883
