Year_name,H2_storage
2025,66.47463224841918
2040,5.971639882767839
