Year_name;Offshore_ElZ
2025;60.68441784260951
2040;75.61450379994925
