Year_name;Offshore_WT
2025;267.45334343751017
2040;331.81720115828176
