Year_name;Dummy_h2_supply
2025;0.00023101857623737988
2040;9.246575342465447e-06
