Year_name;SMR_CCS
2025;39.10739260205777
2040;65.17898767009629
