Year_name;Offshore_ElZ
2025;1699.1636995930662
2040;724.1902823074348
