Year_name;Offshore_WT
2025;7200.666938702197
2040;2691.109055491949
