Year_name;;H2
2025;Annual;2525.338791185053
2040;Annual;4598.650646824968
