Year_name;SMR_CCS
2025;89105.45244793812
2040;253359.11989753947
