Year_name,Onshore_ELZ
2025,1.5143790097876715
2040,0.000671507623473153
