Year_name,H2_storage
2025,73.26077375913856
2040,6.057159386016659
