Year_name,Dummy_elec_supply
2025,0.00013915525114154933
2040,0.00018436073059360778
