Year_name,Dummy_h2_supply
2025,2.783412905939797e-07
2040,2.590182648401857e-07
