Year_name,Dummy_h2_supply
2025,3.6061643835615147e-07
2040,3.6061643835615147e-07
