Year_name;SMR_CCS
2025;0.37635902254323605
2040;1.0701252066787408
