Year_name;NG_grid
2025;0.49080980129863416
2040;1.3955502820297452
