Year_name,Onshore_ELZ
2025,0.5131006049307186
2040,3.4773119828870493
