Year_name,H2_storage
2025,1.0219783254456303
2040,2.5297689350222408
