Year_name,Dummy_h2_supply
2025,3.6047042703812375e-07
2040,2.5194063926942043e-07
