Year_name;;Ammonia_reconv
2025;Annual;0.007781725101437539
2040;Annual;0.013251377697161858
