Year_name;;Ammonia_import
2025;Annual;1195.9206253375253
2040;Annual;1763.9582059817956
