Year_name,Onshore_ELZ
2025,1.1870012305061175
2040,3.6774233804819594
