Year_name,H2_storage
2025,2.3520463411939065
2040,3.180164186670398
