Year_name;;SMR_CCS
2025;Annual;2967.214533730873
2040;Annual;8436.867129455193
