Year_name;Ammonia_reconv
2025;0.9655704165968754
2040;0.6786843105673417
