Year_name;Ammonia_import
2025;1.6527491334686684
2040;0.8919850938885064
