Year_name;Dummy_h2_supply
2025;7.579908675798807e-05
2040;9.360730593606995e-06
