Year_name,Dummy_h2_supply
2025,0.00036061643835615147
2040,0.00036061643835615147
