Year_name;Dummy_h2_supply
2025;1.4015817098271612e-07
2040;1.7796803652968032e-07
