Year_name;H2_storage
2025;599.4194965181154
2040;299.978747010637
