Year_name,Dummy_h2_supply
2025,0.0003604704270381237
2040,0.0002519406392694204
