Year_name;;H2
2025;Annual;2967.214533730873
2040;Annual;10475.70426505707
