Year_name;Dummy_h2_supply
2025;1.8378995433789304e-05
2040;4.303652968036372e-05
