Year_name,Onshore_ELZ
2025,0.11468610922764422
2040,0.5529959970649563
