Year_name,Dummy_elec_supply
2025,0.00025810502283105336
2040,0.00018207762557078224
