Year_name;Ammonia_reconv
2025;579.3899135653639
2040;407.24408834280894
