Year_name;Ammonia_import
2025;0.00016527491334686684
2040;8.919850938885065e-05
