Year_name;;H2_demand
2025;Annual;8681.849839506665
2040;Annual;6515.320667376667
