Year_name;;H2_demand
2025;Annual;311.26042705193544
2040;Annual;2830.585036291859
