Year_name,Onshore_ELZ
2025,32.37243430142602
2040,219.1513825148734
