Year_name,H2_storage
2025,41.18384620262558
2040,60.761187419008294
