Year_name,Dummy_elec_supply
2025,2.1666666666666977e-07
2040,1.2442922374428787e-07
