Year_name,Dummy_h2_supply
2025,5.718440117450881e-07
2040,0.00012842465753424252
