Year_name;;Ammonia_reconv
2025;Annual;7781.725101437539
2040;Annual;13251.377697161859
