Year_name;;Ammonia_import
2025;Annual;14478.082409185536
2040;Annual;22291.871831648852
