Year_name,PV,Onshore_wind
2025,2198.204824816516,3676.384147854355
2040,550.7759719510503,1145.8638807376901
