Year_name;;H2
2025;Annual;2655.9541066789375
2040;Annual;7262.616253886883
