Year_name;H2_storage
2025;599.4194965181154
2040;899.3982435287523
