Year_name,Onshore_ELZ
2025,492.57363337072763
2040,57.71798732013339
