Year_name,H2_storage
2025,188.32295945454106
2040,16.91768510003832
