Year_name;Offshore_ElZ
2025;2.2067061033676185
2040;3.287587121736924
