Year_name;Offshore_WT
2025;4.114666822115541
2040;5.770733933187509
