Year_name;Ammonia_reconv
2025;23.17559654261456
2040;39.46536007632692
