Year_name;Ammonia_import
2025;1.6527491334686684e-05
2040;2.544734227357175e-05
