Year_name,Onshore_ELZ
2025,7.807254372721334
2040,5.845250075263579
