Year_name,H2_storage
2025,4.6732396435097225
2040,5.093052484784644
