Year_name;;H2_demand;Ammonia_demand
2025;Annual;4814.510567706666;3361.332264274766
2040;Annual;2647.9813955766676;3361.332264274766
