Year_name;;H2_demand
2025;Annual;130.61541549388468
2040;Annual;2663.9656070619153
