Year_name,Onshore_ELZ
2025,15.6738227513024
2040,10.075085940784112
