Year_name,H2_storage
2025,5.150312843641866
2040,5.576137799904986
