Year_name;;SMR_CCS
2025;Annual;8681.849839506665
2040;Annual;8681.849839506665
