Year_name;;NG_grid
2025;Annual;12580.000417445159
2040;Annual;12580.000417445151
