Year_name;Dummy_h2_supply
2025;7.06621004566184e-08
2040;1.6529680365296732e-07
