Year_name;Dummy_h2_supply
2025;6.849315068492898e-05
2040;7.111872146118458e-05
