Year_name,PV,Onshore_wind
2025,69.2027444849644,161.91329148581355
2040,85.53110488163938,206.2486220897537
