Year_name;SMR_CCS
2025;13.365817867190717
2040;63.33977997438487
