Year_name,PV,Onshore_wind
2025,4.070749675586141,3.8097245055485542
2040,1.2749443795163202,1.346491046695288
