Year_name;SMR_CCS
2025;18.817951127161802
2040;53.506260333937036
