Year_name;NG_grid
2025;4.908098012986342e-06
2040;1.3955502820297453e-05
