Year_name,H2_storage
2025,73.26077375913856
2040,79.31793314515522
