Year_name,H2_storage
2025,14.537160199820638
2040,21.447611063221615
