Year_name,Onshore_ELZ
2025,0.11468610922764422
2040,0.4383098878373121
