Year_name,H2_storage
2025,33.45675109540946
2040,11.779586204798157
