Year_name;;SMR_CCS
2025;Annual;12580.000417445159
2040;Annual;12580.000417445151
