Year_name;SMR_CCS
2025;55.05993048900727
2040;55.05993048900727
