Year_name;NG_grid
2025;1.4360731070142877e-05
2040;1.4360731070142877e-05
