Year_name;;SMR_CCS
2025;Annual;0.008681849839506666
2040;Annual;0.008681849839506666
