Year_name;;NG_grid
2025;Annual;467.3721755089225
2040;Annual;440.19937460724077
