Year_name;;Ammonia_reconv
2025;Annual;11116.75014491077
2040;Annual;18930.539567374086
