Year_name,Dummy_elec_supply
2025,2.4885844748858475e-07
2040,1.784246575342466e-07
