Year_name;Dummy_h2_supply
2025;7.066210045661839e-05
2040;0.00016529680365296733
