Year_name;Offshore_ElZ
2025;2.2067061033676185
2040;1.0808810183693056
