Year_name;Offshore_WT
2025;4.114666822115541
2040;1.6560671110719687
