Year_name,Dummy_elec_supply
2025,1.3721461187214278e-07
2040,1.8173515981735188e-07
