Year_name;H2_storage
2025;2.3976779860724613
2040;3.5975929741150097
