Year_name;;SMR_CCS
2025;Annual;4299.493859376035
2040;Annual;12225.020470580568
