Year_name;H2_storage
2025;119.88389930362308
2040;59.9957494021274
