Year_name;Dummy_h2_supply
2025;7.522831050228032e-08
2040;7.648401826483773e-09
