Year_name,Onshore_ELZ
2025,74.89002932565167
2040,202.93747806867552
