Year_name,H2_storage
2025,94.78314007778964
2040,33.37162553900746
