Year_name,Dummy_elec_supply
2025,2.581050228310534e-07
2040,1.8207762557078224e-07
