Year_name;;SMR_CCS
2025;Annual;0.002967214533730873
2040;Annual;0.008436867129455192
