Year_name;;NG_grid
2025;Annual;159.73479586353847
2040;Annual;427.77791630655526
