Year_name;Dummy_h2_supply
2025;5.057077625570589e-08
2040;5.251141552511222e-08
