Year_name;Dummy_h2_supply
2025;2.3101857623737988e-07
2040;9.246575342465446e-09
