Year_name,Onshore_ELZ
2025,0.04957493767446557
2040,0.5229040575769999
