Year_name,H2_storage
2025,14.537160199820638
2040,35.984771263042255
