Year_name,Dummy_elec_supply
2025,0.00021666666666666977
2040,0.00012442922374428787
