Year_name;Dummy_h2_supply
2025;0.0001435492801771819
2040;0.0002481735159817399
