Year_name;Dummy_h2_supply
2025;7.579908675798806e-08
2040;9.360730593606996e-09
