Year_name;SMR_CCS
2025;260715.95068038517
2040;260715.95068038517
