Year_name;SMR_CCS
2025;511.848270658801
2040;901.8960393761563
