Year_name;NG_grid
2025;4.908098012986342e-05
2040;9.047404807311111e-05
