Year_name,Dummy_h2_supply
2025,5.718440117450882e-10
2040,1.2842465753424254e-07
