Year_name,Dummy_elec_supply
2025,0.00013721461187214277
2040,0.00018173515981735188
