Year_name;Dummy_h2_supply
2025;1.261415525114113e-07
2040;2.1563926940639573e-07
