Year_name,PV,Onshore_wind
2025,4.070749675586141,3.8097245055485542
2040,5.345694055102461,5.156215552243842
