Year_name;;H2
2025;Annual;2655.9542066789377
2040;Annual;7262.616253886883
