Year_name;SMR_CCS
2025;0.37635902254323605
2040;0.6937661841355048
