Year_name;NG_grid
2025;0.49080980129863416
2040;0.904740480731111
