Year_name;Dummy_h2_supply
2025;0.0001261415525114113
2040;0.0002156392694063957
