Year_name,Onshore_ELZ
2025,988.8894933913494
2040,0.31090802966806985
