Year_name,H2_storage
2025,207.54813166459678
2040,17.159962272519905
