Year_name,Dummy_elec_supply
2025,1.3915525114154933e-07
2040,1.8436073059360778e-07
