Year_name;Dummy_h2_supply
2025;0.0001401581709827161
2040;0.00017796803652968032
